"","Page","Position_Name","Company_Name","Location_Name"
"1",999,"Walgreens","DataScientist","ChicagoIL"
"2",999,"USBank","DataAnalytics","ChicagoIL"
"3",999,"Braintrust","DataScientistRemote","ChicagoIL"
"4",999,"Walgreens","DataScientist","DeerfieldIL"
"5",999,"McGrawHill","DataQualityAnalyst","ChicagoIL"
"6",999,"AmericanFamilyInsurance","MachineLearningDataScientistsOpentoRemote","ChicagoIL"
"7",999,"TradingTechnologies","BusinessIntelligenceAnalyst","ChicagoIL"
"8",999,"CVSHealth","AnalyticServicesAnalyst","NorthbrookIL"
"9",999,"Walgreens","DataScientist","DeerfieldIL"
"10",999,"NorthwesternMemorialHospital","AnalyticsDeveloper","ChicagoIL"
"11",999,"Huge","DataScientist","ChicagoIL"
"12",999,"CardioDiagnostics","DataEngineerHybrid","ChicagoIL"
"13",999,"ITW","DataAnalyst","GlenviewIL"
"14",999,"Grainger","DataScienceIntern","ChicagoIL"
"15",999,"PDITechnologies","JuniorDataOperationAnalyst","ChicagoIL"
"16",999,"Assurant","DataAnalyst","ChicagoIL"
"17",999,"PepsiCo","DataAnalyticsSpecialist","ChicagoIL"
"18",999,"BankofAmerica","PythonDeveloper","ChicagoIL"
"19",999,"CharlesSchwab","SeniorDataAnalystSASProgrammerAnalyst","ChicagoIL"
"20",999,"PayPal","DataScientist","ChicagoIL"
"21",999,"TheMatherGroupLLC","TradingAnalyst","GreaterChicagoArea"
"22",999,"Eaton","BusinessIntelligenceDataAnalyst","ChicagoIL"
"23",999,"Humana","DataandReportingAnalystChicagoMetroArea","ChicagoIL"
"24",999,"Photon","DataScientist","ChicagoIL"
"25",999,"AspenDental","DataAnalystCategoryMarketing","ChicagoIL"
